[{ "id": "Introduccion", "parent" : "#", "text": "Introducción", "a_attr": {"href": "Introduccion.html"}  },{ "id": "Primerasnociones", "parent" : "Introduccion", "text": "Primeras nociones", "a_attr": {"href": "Primerasnociones.html"}  },{ "id": "InformacionTecnica", "parent" : "#", "text": "Información Técnica", "a_attr": {"href": "InformacionTecnica.html"}  },{ "id": "Generaciondelmodelo", "parent" : "InformacionTecnica", "text": "Generación del modelo", "a_attr": {"href": "Generaciondelmodelo.html"}  },{ "id": "Cargadodelmodelo", "parent" : "InformacionTecnica", "text": "Cargado del modelo", "a_attr": {"href": "Cargadodelmodelo.html"}  },{ "id": "ImplementacionconNET", "parent" : "InformacionTecnica", "text": "Implementación con .NET", "a_attr": {"href": "ImplementacionconNET.html"}  },{ "id": "Delineasabytes", "parent" : "InformacionTecnica", "text": "De líneas a bytes", "a_attr": {"href": "Delineasabytes.html"}  },{ "id": "Interfazgrafica", "parent" : "InformacionTecnica", "text": "Interfaz gráfica", "a_attr": {"href": "Interfazgrafica.html"}  },{ "id": "Manualdeusuario", "parent" : "#", "text": "Manual de usuario", "a_attr": {"href": "Manualdeusuario.html"}  },{ "id": "Requisitosprevios", "parent" : "Manualdeusuario", "text": "Requisitos previos", "a_attr": {"href": "Requisitosprevios.html"}  },{ "id": "Interfaz", "parent" : "Manualdeusuario", "text": "Interfaz", "a_attr": {"href": "Interfaz.html"}  },{ "id": "Soluciondeerrores", "parent" : "Manualdeusuario", "text": "Solución de errores", "a_attr": {"href": "Soluciondeerrores.html"}  },{ "id": "Masayuda", "parent" : "Manualdeusuario", "text": "Más ayuda", "a_attr": {"href": "Masayuda.html"}  }]